Child Name,Email Address,Contact,follow up,response,Introduction,"Activity:- Know your personality, a fun way",A Simple Quiz on the previous Video,Lets see what ‘Product’ is…,A Simple Quiz on the previous Video,Product that represents me,Let's see what 'Service' means,A Simple Quiz on the previous Video,Instruction for 'Product &amp; Service' worksheet,Activity:- Product and Service Worksheet,Instructions for Product Word Association,Activity:- Product Word Association,Life without products??.... Impossible !,What Is a Need?,A Simple Quiz on the previous Video,Summary of Session 1,Your Feedback on Session 1
David Hess,David.Hess@gmail.com,,,,"Completed Monday, 14 November 2016, 11:36 AM","Completed Monday, 14 November 2016, 11:53 AM","Completed (achieved pass grade) Monday, 14 November 2016, 11:55 AM","Completed Monday, 14 November 2016, 11:56 AM","Completed Monday, 14 November 2016, 12:35 PM","Completed Monday, 14 November 2016, 12:39 PM","Completed Monday, 14 November 2016, 12:40 PM","Completed (achieved pass grade) Monday, 14 November 2016, 12:42 PM","Completed Monday, 14 November 2016, 12:43 PM","Completed (achieved pass grade) Monday, 14 November 2016, 12:48 PM","Completed Monday, 14 November 2016, 12:49 PM","Completed Monday, 14 November 2016, 1:06 PM","Completed Monday, 14 November 2016, 1:07 PM","Completed Monday, 14 November 2016, 1:08 PM","Completed (achieved pass grade) Monday, 14 November 2016, 2:36 PM","Completed Monday, 14 November 2016, 3:49 PM","Completed Monday, 14 November 2016, 3:51 PM"
Anne Wallace,Anne.Wallace@gmail.com,8918289445,not responding,not reachable,"Completed Monday, 14 November 2016, 12:16 PM",Not completed,Not completed,Not completed,Not completed,Not completed,Not completed,Not completed,Not completed,Not completed,Not completed,Not completed,Not completed,Not completed,Not completed,Not completed,Not completed
Lauren Clark,Lauren.Clark@soprasteria.com,8632952531,"had to go out , will complete remaining today/tom",time issue,"Completed Saturday, 19 November 2016, 3:06 PM","Completed Saturday, 19 November 2016, 3:19 PM","Completed (achieved pass grade) Saturday, 19 November 2016, 3:21 PM","Completed Saturday, 19 November 2016, 3:22 PM","Completed Saturday, 19 November 2016, 3:42 PM","Completed Saturday, 19 November 2016, 3:47 PM","Completed Saturday, 19 November 2016, 3:48 PM","Completed (achieved pass grade) Saturday, 19 November 2016, 3:57 PM","Completed Saturday, 19 November 2016, 3:57 PM","Completed (achieved pass grade) Saturday, 19 November 2016, 4:03 PM","Completed Saturday, 19 November 2016, 4:04 PM","Completed Saturday, 19 November 2016, 4:15 PM","Completed Saturday, 19 November 2016, 4:15 PM","Completed Saturday, 19 November 2016, 4:21 PM",Not completed,Not completed,Not completed
Christopher Duffy,Christopher.Duffy@yahoo.com,8829763341,not responding,not reachable,"Completed Tuesday, 15 November 2016, 7:29 PM","Completed Tuesday, 15 November 2016, 7:41 PM","Completed (achieved pass grade) Tuesday, 15 November 2016, 7:42 PM","Completed Tuesday, 15 November 2016, 7:43 PM","Completed Tuesday, 15 November 2016, 7:58 PM","Completed Sunday, 20 November 2016, 8:24 PM","Completed Sunday, 20 November 2016, 8:25 PM","Completed (achieved pass grade) Sunday, 20 November 2016, 8:42 PM","Completed Sunday, 20 November 2016, 8:42 PM","Completed (achieved pass grade) Sunday, 20 November 2016, 8:48 PM","Completed Sunday, 20 November 2016, 8:48 PM","Completed Sunday, 20 November 2016, 8:58 PM","Completed Sunday, 20 November 2016, 8:58 PM","Completed Sunday, 20 November 2016, 9:05 PM",Not completed,Not completed,Not completed
Matthew Landry,Matthew.Landry@gmail.com,8995435910,"child doest enjoy online and also she has her exams, however mother will try to convince her to complete her first session tom.",not interested,"Completed Monday, 14 November 2016, 7:54 PM",Not completed,Not completed,Not completed,Not completed,Not completed,Not completed,Not completed,Not completed,Not completed,Not completed,Not completed,Not completed,Not completed,Not completed,Not completed,Not completed
Robert Brown,Robert.Brown@gmail.com,9739425164,"driving, will call later",couldnt speak,"Completed Monday, 14 November 2016, 12:48 PM",Not completed,Not completed,Not completed,Not completed,Not completed,Not completed,Not completed,Not completed,Not completed,Not completed,Not completed,Not completed,Not completed,Not completed,Not completed,Not completed
Angela Lewis,Angela.Lewis@gmail.com,9600420048,unable to view videos. Vivek will talk,Tech issue,"Completed Monday, 14 November 2016, 6:54 PM",Not completed,Not completed,Not completed,Not completed,Not completed,Not completed,Not completed,Not completed,Not completed,Not completed,Not completed,Not completed,Not completed,Not completed,Not completed,Not completed
Alfred Johnson,Alfred.Johnson@gmail.com,,,,Not completed,Not completed,Not completed,Not completed,Not completed,Not completed,Not completed,Not completed,Not completed,Not completed,Not completed,Not completed,Not completed,Not completed,Not completed,Not completed,Not completed
Kurt Gordon,Kurt.Gordon@hotmail.com,8142421046,"Exams were going on , mother will ask to her son to complete first session soon , probably this week",time issue,Not completed,Not completed,Not completed,Not completed,Not completed,Not completed,Not completed,Not completed,Not completed,Not completed,Not completed,Not completed,Not completed,Not completed,Not completed,Not completed,Not completed
Robert Trevino,Robert.Trevino@rediff.com,,,,Not completed,Not completed,Not completed,Not completed,Not completed,Not completed,Not completed,Not completed,Not completed,Not completed,Not completed,Not completed,Not completed,Not completed,Not completed,Not completed,Not completed
David Wright,David.Wright@yahoo.co.in,NA,NA,NA,"Completed Sunday, 13 November 2016, 5:52 PM","Completed Sunday, 13 November 2016, 5:55 PM","Completed (achieved pass grade) Sunday, 13 November 2016, 5:55 PM","Completed Sunday, 13 November 2016, 5:55 PM","Completed Sunday, 13 November 2016, 8:40 PM","Completed Sunday, 13 November 2016, 8:55 PM","Completed Sunday, 13 November 2016, 8:55 PM","Completed (achieved pass grade) Sunday, 13 November 2016, 8:57 PM","Completed Sunday, 13 November 2016, 8:57 PM","Completed (achieved pass grade) Sunday, 13 November 2016, 9:03 PM","Completed Sunday, 13 November 2016, 9:04 PM","Completed Sunday, 13 November 2016, 9:12 PM","Completed Sunday, 13 November 2016, 9:12 PM","Completed Sunday, 13 November 2016, 10:05 PM","Completed (achieved pass grade) Monday, 14 November 2016, 10:04 AM","Completed Monday, 14 November 2016, 10:13 AM","Completed Monday, 14 November 2016, 10:19 AM"
Michael Robertson,Michael.Robertson@gmail.com,,,,Not completed,Not completed,Not completed,Not completed,Not completed,Not completed,Not completed,Not completed,Not completed,Not completed,Not completed,Not completed,Not completed,Not completed,Not completed,Not completed,Not completed
John Carlson,John.Carlson@gmail.com,7938213456,"got irritated, as already spoken to some one 2 days back. His sons laptop is not working",time issue,"Completed Wednesday, 16 November 2016, 7:45 PM",Not completed,Not completed,Not completed,Not completed,Not completed,Not completed,Not completed,Not completed,Not completed,Not completed,Not completed,Not completed,Not completed,Not completed,Not completed,Not completed
Karen Velazquez,Karen.Velazquez@gmail.com,,,,Not completed,Not completed,Not completed,Not completed,Not completed,Not completed,Not completed,Not completed,Not completed,Not completed,Not completed,Not completed,Not completed,Not completed,Not completed,Not completed,Not completed
Kimberly Taylor,Kimberly.Taylor@gmail.com,,,,Not completed,Not completed,Not completed,Not completed,Not completed,Not completed,Not completed,Not completed,Not completed,Not completed,Not completed,Not completed,Not completed,Not completed,Not completed,Not completed,Not completed
William Moon,William.Moon@gmail.com,9588920100,"was busy , will complete first session in 3 days",time issue,"Completed Sunday, 20 November 2016, 11:18 PM",Not completed,Not completed,Not completed,Not completed,Not completed,Not completed,Not completed,Not completed,Not completed,Not completed,Not completed,Not completed,Not completed,Not completed,Not completed,Not completed
James Townsend,James.Townsend@gmail.com,7709930586,no is incorrect,not reachable,"Completed Sunday, 20 November 2016, 3:45 PM",Not completed,Not completed,Not completed,Not completed,Not completed,Not completed,Not completed,Not completed,Not completed,Not completed,Not completed,Not completed,Not completed,Not completed,Not completed,Not completed
Carla Mitchell,Carla.Mitchell@yahoo.com,9833067049,not responding,not reachable,"Completed Tuesday, 15 November 2016, 10:12 AM",Not completed,Not completed,Not completed,Not completed,Not completed,Not completed,Not completed,Not completed,Not completed,Not completed,Not completed,Not completed,Not completed,Not completed,Not completed,Not completed
Anthony Moss,Anthony.Moss@gmail.com,9826456590,"not responding/ spoke to her, she forgot her password so didnt continue",Tech issue,"Completed Wednesday, 16 November 2016, 3:22 PM","Completed Wednesday, 16 November 2016, 3:33 PM",Not completed,Not completed,Not completed,Not completed,Not completed,Not completed,Not completed,Not completed,Not completed,Not completed,Not completed,Not completed,Not completed,Not completed,Not completed
Samuel Peterson,Samuel.Peterson@gmail.com,NA,NA,NA,"Completed Monday, 14 November 2016, 11:25 PM","Completed Monday, 14 November 2016, 11:33 PM","Completed (achieved pass grade) Monday, 14 November 2016, 11:35 PM","Completed Thursday, 17 November 2016, 6:09 PM","Completed Thursday, 17 November 2016, 6:18 PM","Completed Thursday, 17 November 2016, 6:36 PM","Completed Thursday, 17 November 2016, 6:36 PM","Completed (achieved pass grade) Friday, 18 November 2016, 4:12 PM","Completed Friday, 18 November 2016, 4:12 PM","Completed (achieved pass grade) Friday, 18 November 2016, 4:21 PM","Completed Friday, 18 November 2016, 4:21 PM","Completed Friday, 18 November 2016, 4:29 PM","Completed Friday, 18 November 2016, 4:30 PM","Completed Friday, 18 November 2016, 4:36 PM","Completed (achieved pass grade) Friday, 18 November 2016, 4:46 PM","Completed Friday, 18 November 2016, 4:46 PM","Completed Friday, 18 November 2016, 4:52 PM"
Haley Jones,Haley.Jones@gmail.com,9946185881,,,"Completed Tuesday, 15 November 2016, 5:19 PM","Completed Tuesday, 15 November 2016, 5:28 PM","Completed (achieved pass grade) Tuesday, 15 November 2016, 5:30 PM","Completed Tuesday, 15 November 2016, 5:30 PM","Completed Tuesday, 15 November 2016, 5:41 PM","Completed Tuesday, 15 November 2016, 5:46 PM","Completed Tuesday, 15 November 2016, 5:48 PM","Completed (achieved pass grade) Tuesday, 15 November 2016, 5:56 PM","Completed Tuesday, 15 November 2016, 5:56 PM","Completed (achieved pass grade) Tuesday, 15 November 2016, 6:04 PM","Completed Tuesday, 15 November 2016, 6:04 PM","Completed Tuesday, 15 November 2016, 6:21 PM","Completed Tuesday, 15 November 2016, 6:21 PM",Not completed,Not completed,Not completed,Not completed
Gary Hamilton,Gary.Hamilton@gmail.com,,,,Not completed,Not completed,Not completed,Not completed,Not completed,Not completed,Not completed,Not completed,Not completed,Not completed,Not completed,Not completed,Not completed,Not completed,Not completed,Not completed,Not completed
Caitlin Day,Caitlin.Day@yahoo.com,7734558790,,,"Completed Tuesday, 15 November 2016, 6:44 PM","Completed Tuesday, 15 November 2016, 7:53 PM","Completed (achieved pass grade) Tuesday, 15 November 2016, 7:55 PM","Completed Tuesday, 15 November 2016, 7:55 PM","Completed Tuesday, 15 November 2016, 8:04 PM","Not completed Thursday, 1 January 1970, 5:30 AM",Not completed,Not completed,Not completed,Not completed,Not completed,Not completed,Not completed,Not completed,Not completed,Not completed,Not completed
Aaron Jones,Aaron.Jones@gmail.com,9760499830,not interested.,not interested,"Completed Monday, 14 November 2016, 10:03 AM","Completed Monday, 14 November 2016, 10:05 AM",Not completed,Not completed,Not completed,Not completed,Not completed,Not completed,Not completed,Not completed,Not completed,Not completed,Not completed,Not completed,Not completed,Not completed,Not completed
Vanessa Kim,Vanessa.Kim@gmail.com,,didnt find it relevant,not interested,"Completed Friday, 18 November 2016, 12:40 PM",Not completed,Not completed,Not completed,Not completed,Not completed,Not completed,Not completed,Not completed,Not completed,Not completed,Not completed,Not completed,Not completed,Not completed,Not completed,Not completed
Debra Lambert,Debra.Lambert@gmail.com,9371613731,not responding,not reachable,"Completed Tuesday, 15 November 2016, 7:15 PM","Completed Tuesday, 15 November 2016, 7:32 PM","Completed (achieved pass grade) Tuesday, 15 November 2016, 7:33 PM","Completed Tuesday, 15 November 2016, 7:33 PM","Completed Tuesday, 15 November 2016, 7:44 PM","Completed Tuesday, 15 November 2016, 7:52 PM","Completed Tuesday, 15 November 2016, 7:53 PM","Completed (achieved pass grade) Tuesday, 15 November 2016, 8:30 PM","Completed Tuesday, 15 November 2016, 8:30 PM","Completed (achieved pass grade) Tuesday, 15 November 2016, 8:36 PM","Completed Tuesday, 15 November 2016, 8:36 PM","Completed Tuesday, 15 November 2016, 8:43 PM","Completed Tuesday, 15 November 2016, 8:43 PM","Completed Tuesday, 15 November 2016, 8:49 PM",Not completed,Not completed,Not completed
Steve Hunt,Steve.Hunt@gmail.com,,,,Not completed,Not completed,Not completed,Not completed,Not completed,Not completed,Not completed,Not completed,Not completed,Not completed,Not completed,Not completed,Not completed,Not completed,Not completed,Not completed,Not completed
Joseph Frazier,Joseph.Frazier@gmail.com,,,,Not completed,Not completed,Not completed,Not completed,Not completed,Not completed,Not completed,Not completed,Not completed,Not completed,Not completed,Not completed,Not completed,Not completed,Not completed,Not completed,Not completed
Larry Mitchell,Larry.Mitchell@gmail.com,,,,"Completed Sunday, 20 November 2016, 7:39 PM","Completed Sunday, 20 November 2016, 7:47 PM","Completed (achieved pass grade) Sunday, 20 November 2016, 8:14 PM","Completed Sunday, 20 November 2016, 8:15 PM","Completed Sunday, 20 November 2016, 8:31 PM","Completed Sunday, 20 November 2016, 8:41 PM",Not completed,Not completed,Not completed,Not completed,Not completed,Not completed,Not completed,Not completed,Not completed,Not completed,Not completed
Brian Mitchell MD,Brian.Mitchell.MD@gmail.com,,invalid no,not reachable,"Completed Wednesday, 16 November 2016, 10:09 PM",Not completed,Not completed,Not completed,Not completed,Not completed,Not completed,Not completed,Not completed,Not completed,Not completed,Not completed,Not completed,Not completed,Not completed,Not completed,Not completed
Casey Holmes,Casey.Holmes@gmail.com,,,,"Completed Monday, 14 November 2016, 6:24 PM","Completed Monday, 14 November 2016, 6:32 PM","Completed (achieved pass grade) Monday, 14 November 2016, 6:33 PM","Completed Monday, 14 November 2016, 6:34 PM",Not completed,Not completed,Not completed,Not completed,Not completed,Not completed,Not completed,Not completed,Not completed,Not completed,Not completed,Not completed,Not completed
Robin Barber,Robin.Barber@gmail.com,,,,Not completed,Not completed,Not completed,Not completed,Not completed,Not completed,Not completed,Not completed,Not completed,Not completed,Not completed,Not completed,Not completed,Not completed,Not completed,Not completed,Not completed
Bradley Mack,Bradley.Mack@ukapoor.net,9545679711,14 year old son is doing who finds it bit funny and kiddish.Mother is hopeful as the course progresses son will be beneficial of whatever said and promised about it.,,"Completed Monday, 14 November 2016, 7:51 PM","Completed Monday, 14 November 2016, 9:35 PM","Completed (achieved pass grade) Monday, 14 November 2016, 9:42 PM","Completed Monday, 14 November 2016, 9:42 PM","Completed Sunday, 20 November 2016, 6:27 PM","Completed Sunday, 20 November 2016, 7:55 PM","Completed Sunday, 20 November 2016, 7:55 PM",Not completed,Not completed,Not completed,Not completed,Not completed,Not completed,Not completed,Not completed,Not completed,Not completed
Rachel Bray,Rachel.Bray@gmail.com,,,,"Completed Monday, 14 November 2016, 12:36 PM","Completed Monday, 14 November 2016, 8:15 PM","Completed (achieved pass grade) Friday, 18 November 2016, 4:08 PM","Completed Friday, 18 November 2016, 4:08 PM",Not completed,Not completed,Not completed,Not completed,Not completed,Not completed,Not completed,Not completed,Not completed,Not completed,Not completed,Not completed,Not completed
Courtney Reed,Courtney.Reed@gmail.com,,,,"Completed Monday, 14 November 2016, 11:41 PM","Completed Monday, 14 November 2016, 11:48 PM","Completed (achieved pass grade) Monday, 14 November 2016, 11:51 PM","Completed Monday, 14 November 2016, 11:52 PM",Not completed,Not completed,Not completed,Not completed,Not completed,Not completed,Not completed,Not completed,Not completed,Not completed,Not completed,Not completed,Not completed
Scott Mills,Scott.Mills@gmail.com,8660837254,"son was unwell , and also exams were going on , had issues with navigation as he did not find it user friendly, probably try to do it by week end , when asked about experience so far , mother responded with OK, but was very hopeful that by 2-3 more sessions son will find it interested.",time issue,"Completed Sunday, 13 November 2016, 6:11 PM","Completed Sunday, 13 November 2016, 6:20 PM","Completed (achieved pass grade) Sunday, 13 November 2016, 6:21 PM","Completed Sunday, 13 November 2016, 6:22 PM","Completed Monday, 14 November 2016, 8:20 PM","Not completed Thursday, 1 January 1970, 5:30 AM",Not completed,Not completed,Not completed,Not completed,Not completed,Not completed,Not completed,Not completed,Not completed,Not completed,Not completed
Carrie Johnson,Carrie.Johnson@gmail.com,,"hasnt got time, will try and finish it this week",time issue,"Completed Tuesday, 15 November 2016, 4:40 PM",Not completed,Not completed,Not completed,Not completed,Not completed,Not completed,Not completed,Not completed,Not completed,Not completed,Not completed,Not completed,Not completed,Not completed,Not completed,Not completed
Mr. Alex Wilson,Mr..Alex.Wilson@gmail.com,9715044959,switched off,not reachable,"Completed Monday, 14 November 2016, 6:44 PM","Completed Monday, 14 November 2016, 7:19 PM",Not completed,Not completed,Not completed,Not completed,Not completed,Not completed,Not completed,Not completed,Not completed,Not completed,Not completed,Not completed,Not completed,Not completed,Not completed
Ronald Barrett,Ronald.Barrett@rediffmail.com,8375001957,"son was unwell , and also exams were going on , try to do it by week end",time issue,Not completed,Not completed,Not completed,Not completed,Not completed,Not completed,Not completed,Not completed,Not completed,Not completed,Not completed,Not completed,Not completed,Not completed,Not completed,Not completed,Not completed
Michelle Wilson,Michelle.Wilson@gmail.com,8521988002,not anwsering,not reachable,Not completed,Not completed,Not completed,Not completed,Not completed,Not completed,Not completed,Not completed,Not completed,Not completed,Not completed,Not completed,Not completed,Not completed,Not completed,Not completed,Not completed
Jeffrey Mcdonald,Jeffrey.Mcdonald@gmail.com,,,,Not completed,Not completed,Not completed,Not completed,Not completed,Not completed,Not completed,Not completed,Not completed,Not completed,Not completed,Not completed,Not completed,Not completed,Not completed,Not completed,Not completed
Richard Brown,Richard.Brown@gmail.com,,,,Not completed,Not completed,Not completed,Not completed,Not completed,Not completed,Not completed,Not completed,Not completed,Not completed,Not completed,Not completed,Not completed,Not completed,Not completed,Not completed,Not completed
Timothy Hill,Timothy.Hill@gmail.com,8284219664,disconnected,couldnt speak,Not completed,Not completed,Not completed,Not completed,Not completed,Not completed,Not completed,Not completed,Not completed,Not completed,Not completed,Not completed,Not completed,Not completed,Not completed,Not completed,Not completed
Christopher Carson,Christopher.Carson@gmail.com,9130693661,busy.,time issue,"Completed Wednesday, 16 November 2016, 6:47 PM",Not completed,Not completed,Not completed,Not completed,Not completed,Not completed,Not completed,Not completed,Not completed,Not completed,Not completed,Not completed,Not completed,Not completed,Not completed,Not completed
Lynn Smith,Lynn.Smith@gmail.com,,,,"Completed Monday, 14 November 2016, 7:02 PM","Completed Monday, 14 November 2016, 7:14 PM","Completed (achieved pass grade) Monday, 14 November 2016, 7:15 PM","Completed Monday, 14 November 2016, 7:15 PM","Completed Monday, 14 November 2016, 7:26 PM","Completed Monday, 14 November 2016, 7:35 PM","Completed Monday, 14 November 2016, 7:37 PM","Completed (achieved pass grade) Sunday, 20 November 2016, 8:11 PM","Completed Sunday, 20 November 2016, 8:11 PM","Completed (achieved pass grade) Sunday, 20 November 2016, 8:14 PM","Completed Sunday, 20 November 2016, 8:15 PM",Not completed,Not completed,Not completed,Not completed,Not completed,Not completed
Gary Bennett,Gary.Bennett@rediffmail.com,,,,"Completed Monday, 14 November 2016, 3:15 PM","Completed Monday, 14 November 2016, 9:19 PM","Completed (achieved pass grade) Friday, 18 November 2016, 9:03 PM","Completed Friday, 18 November 2016, 9:03 PM","Completed Friday, 18 November 2016, 9:13 PM","Not completed Thursday, 1 January 1970, 5:30 AM",Not completed,Not completed,Not completed,Not completed,Not completed,Not completed,Not completed,Not completed,Not completed,Not completed,Not completed
Brandon Delgado,Brandon.Delgado@hotmail.com,,dubai no,couldnt speak,"Completed Thursday, 17 November 2016, 11:33 PM",Not completed,Not completed,Not completed,Not completed,Not completed,Not completed,Not completed,Not completed,Not completed,Not completed,Not completed,Not completed,Not completed,Not completed,Not completed,Not completed
Brent Rodriguez,Brent.Rodriguez@gmail.com,8668548799,,,Not completed,Not completed,Not completed,Not completed,Not completed,Not completed,Not completed,Not completed,Not completed,Not completed,Not completed,Not completed,Not completed,Not completed,Not completed,Not completed,Not completed
Lisa Raymond,Lisa.Raymond@gmail.com,9285620126,will complete in dec as  son has exams till first week of dec,time issue,"Completed Wednesday, 16 November 2016, 11:48 AM",Not completed,Not completed,Not completed,Not completed,Not completed,Not completed,Not completed,Not completed,Not completed,Not completed,Not completed,Not completed,Not completed,Not completed,Not completed,Not completed
Thomas Perez DDS,Thomas.Perez.DDS@gmail.com,,,,Not completed,Not completed,Not completed,Not completed,Not completed,Not completed,Not completed,Not completed,Not completed,Not completed,Not completed,Not completed,Not completed,Not completed,Not completed,Not completed,Not completed
Maria Clark,Maria.Clark@yahoo.com,NA,NA,NA,"Completed Sunday, 20 November 2016, 10:40 AM","Completed Sunday, 20 November 2016, 10:57 AM","Completed (achieved pass grade) Sunday, 20 November 2016, 11:01 AM","Completed Sunday, 20 November 2016, 11:01 AM","Completed Sunday, 20 November 2016, 11:18 AM","Completed Sunday, 20 November 2016, 11:23 AM","Completed Sunday, 20 November 2016, 11:24 AM","Completed (achieved pass grade) Sunday, 20 November 2016, 11:31 AM","Completed Sunday, 20 November 2016, 11:32 AM","Completed (achieved pass grade) Sunday, 20 November 2016, 11:40 AM","Completed Sunday, 20 November 2016, 11:40 AM","Completed Sunday, 20 November 2016, 11:55 AM","Completed Sunday, 20 November 2016, 11:55 AM","Completed Sunday, 20 November 2016, 11:56 AM","Completed (achieved pass grade) Sunday, 20 November 2016, 11:57 AM","Completed Sunday, 20 November 2016, 11:57 AM","Completed Sunday, 20 November 2016, 12:00 PM"
Dr. Terry Austin DDS,Dr..Terry.Austin.DDS@gmail.com,,,,"Completed Tuesday, 15 November 2016, 11:46 AM","Completed Saturday, 19 November 2016, 7:49 PM","Completed (achieved pass grade) Saturday, 19 November 2016, 7:53 PM","Completed Saturday, 19 November 2016, 7:54 PM","Completed Saturday, 19 November 2016, 8:26 PM","Completed Saturday, 19 November 2016, 8:42 PM","Completed Saturday, 19 November 2016, 8:42 PM","Completed (achieved pass grade) Saturday, 19 November 2016, 8:52 PM","Completed Saturday, 19 November 2016, 8:52 PM",Not completed,Not completed,Not completed,Not completed,Not completed,Not completed,Not completed,Not completed
Marvin Underwood Jr.,Marvin.Underwood.Jr.@gmail.com,,,,Not completed,Not completed,Not completed,Not completed,Not completed,Not completed,Not completed,Not completed,Not completed,Not completed,Not completed,Not completed,Not completed,Not completed,Not completed,Not completed,Not completed
Sydney Moore,Sydney.Moore@gmail.com,,,,Not completed,Not completed,Not completed,Not completed,Not completed,Not completed,Not completed,Not completed,Not completed,Not completed,Not completed,Not completed,Not completed,Not completed,Not completed,Not completed,Not completed
Brittany Reed,Brittany.Reed@gmail.com,,,,Not completed,Not completed,Not completed,Not completed,Not completed,Not completed,Not completed,Not completed,Not completed,Not completed,Not completed,Not completed,Not completed,Not completed,Not completed,Not completed,Not completed
Rickey Payne,Rickey.Payne@gmail.com,,,,Not completed,Not completed,Not completed,Not completed,Not completed,Not completed,Not completed,Not completed,Not completed,Not completed,Not completed,Not completed,Not completed,Not completed,Not completed,Not completed,Not completed
Jamie Castro,Jamie.Castro@icloud.com,,,,Not completed,Not completed,Not completed,Not completed,Not completed,Not completed,Not completed,Not completed,Not completed,Not completed,Not completed,Not completed,Not completed,Not completed,Not completed,Not completed,Not completed
John Brown,John.Brown@gmail.com,,,,Not completed,Not completed,Not completed,Not completed,Not completed,Not completed,Not completed,Not completed,Not completed,Not completed,Not completed,Not completed,Not completed,Not completed,Not completed,Not completed,Not completed
Lisa Davis,Lisa.Davis@gmail.com,8378955298,unable to login. Vivek will talk,Tech issue,"Completed Monday, 14 November 2016, 1:25 PM","Completed Monday, 14 November 2016, 2:11 PM",Not completed,Not completed,Not completed,Not completed,Not completed,Not completed,Not completed,Not completed,Not completed,Not completed,Not completed,Not completed,Not completed,Not completed,Not completed
David Johnson,David.Johnson@gmail.com,,,,Not completed,Not completed,Not completed,Not completed,Not completed,Not completed,Not completed,Not completed,Not completed,Not completed,Not completed,Not completed,Not completed,Not completed,Not completed,Not completed,Not completed
Eric Rojas,Eric.Rojas@hotmail.com,9594922431,will complete in a day or two,time issue,"Completed Monday, 14 November 2016, 9:27 PM","Completed Monday, 14 November 2016, 9:36 PM",Not completed,Not completed,Not completed,Not completed,Not completed,Not completed,Not completed,Not completed,Not completed,Not completed,Not completed,Not completed,Not completed,Not completed,Not completed
Linda Turner,Linda.Turner@gmail.com,,,,Not completed,Not completed,Not completed,Not completed,Not completed,Not completed,Not completed,Not completed,Not completed,Not completed,Not completed,Not completed,Not completed,Not completed,Not completed,Not completed,Not completed
Shannon Warren,Shannon.Warren@gmail.com,NA,NA,NA,"Completed Monday, 14 November 2016, 2:38 PM","Completed Monday, 14 November 2016, 2:47 PM","Completed (achieved pass grade) Monday, 14 November 2016, 2:48 PM","Completed Monday, 14 November 2016, 2:48 PM","Completed Monday, 14 November 2016, 2:57 PM","Completed Monday, 14 November 2016, 2:59 PM","Completed Monday, 14 November 2016, 2:59 PM","Completed (achieved pass grade) Monday, 14 November 2016, 3:07 PM","Completed Monday, 14 November 2016, 3:08 PM","Completed (achieved pass grade) Monday, 14 November 2016, 3:13 PM","Completed Monday, 14 November 2016, 3:13 PM","Completed Monday, 14 November 2016, 3:26 PM","Completed Monday, 14 November 2016, 3:26 PM","Completed Monday, 14 November 2016, 3:33 PM","Completed (achieved pass grade) Monday, 14 November 2016, 3:40 PM","Completed Monday, 14 November 2016, 3:40 PM","Completed Monday, 14 November 2016, 3:45 PM"
Clinton Martin,Clinton.Martin@gmail.com,NA,NA,NA,"Completed Monday, 21 November 2016, 11:28 AM","Completed Monday, 21 November 2016, 11:33 AM","Completed (achieved pass grade) Monday, 21 November 2016, 11:34 AM","Completed Monday, 21 November 2016, 11:34 AM","Completed Monday, 21 November 2016, 11:36 AM","Completed Monday, 21 November 2016, 11:39 AM","Completed Monday, 21 November 2016, 11:40 AM","Completed (achieved pass grade) Monday, 21 November 2016, 11:41 AM","Completed Monday, 21 November 2016, 11:41 AM","Completed (achieved pass grade) Monday, 21 November 2016, 11:43 AM","Completed Monday, 21 November 2016, 11:43 AM","Completed Monday, 21 November 2016, 11:56 AM","Completed Monday, 21 November 2016, 11:56 AM","Completed Monday, 21 November 2016, 11:56 AM","Completed (achieved pass grade) Monday, 21 November 2016, 12:00 PM","Completed Monday, 21 November 2016, 12:01 PM","Completed Monday, 21 November 2016, 12:06 PM"
Karen Wade,Karen.Wade@gmail.com,8999362217,"did not get time to do it, asked to send a link ",time issue,Not completed,Not completed,Not completed,Not completed,Not completed,Not completed,Not completed,Not completed,Not completed,Not completed,Not completed,Not completed,Not completed,Not completed,Not completed,Not completed,Not completed
Lawrence Chavez,Lawrence.Chavez@gmail.com,,,,Not completed,Not completed,Not completed,Not completed,Not completed,Not completed,Not completed,Not completed,Not completed,Not completed,Not completed,Not completed,Not completed,Not completed,Not completed,Not completed,Not completed
Richard Walker,Richard.Walker@rediffmail.com,8051230425,,,Not completed,Not completed,Not completed,Not completed,Not completed,Not completed,Not completed,Not completed,Not completed,Not completed,Not completed,Not completed,Not completed,Not completed,Not completed,Not completed,Not completed
Paige Hansen,Paige.Hansen@yahoo.co.in,8268034458,not anwsering,not reachable,Not completed,Not completed,Not completed,Not completed,Not completed,Not completed,Not completed,Not completed,Not completed,Not completed,Not completed,Not completed,Not completed,Not completed,Not completed,Not completed,Not completed
Alexander Perkins,Alexander.Perkins@gmail.com,,,,Not completed,Not completed,Not completed,Not completed,Not completed,Not completed,Not completed,Not completed,Not completed,Not completed,Not completed,Not completed,Not completed,Not completed,Not completed,Not completed,Not completed
Timothy Holland,Timothy.Holland@gmail.com,,,,Not completed,Not completed,Not completed,Not completed,Not completed,Not completed,Not completed,Not completed,Not completed,Not completed,Not completed,Not completed,Not completed,Not completed,Not completed,Not completed,Not completed
John Brandt,John.Brandt@gmail.com,8803292845,switched off,not reachable,"Completed Monday, 14 November 2016, 1:10 PM",Not completed,Not completed,Not completed,Not completed,Not completed,Not completed,Not completed,Not completed,Not completed,Not completed,Not completed,Not completed,Not completed,Not completed,Not completed,Not completed
Thomas Alexander,Thomas.Alexander@gmail.com,8644238332,,,Not completed,Not completed,Not completed,Not completed,Not completed,Not completed,Not completed,Not completed,Not completed,Not completed,Not completed,Not completed,Not completed,Not completed,Not completed,Not completed,Not completed
Monica Smith,Monica.Smith@gmail.com,7812342160,"didnt get time, will complete today",time issue,"Completed Saturday, 19 November 2016, 6:00 PM",Not completed,Not completed,Not completed,Not completed,Not completed,Not completed,Not completed,Not completed,Not completed,Not completed,Not completed,Not completed,Not completed,Not completed,Not completed,Not completed
Allen Jackson,Allen.Jackson@rediffmail.com,,,,Not completed,Not completed,Not completed,Not completed,Not completed,Not completed,Not completed,Not completed,Not completed,Not completed,Not completed,Not completed,Not completed,Not completed,Not completed,Not completed,Not completed
Mario Mills,Mario.Mills@yahoo.com,8147587127,not responding,not reachable,"Completed Friday, 18 November 2016, 2:16 PM",Not completed,Not completed,Not completed,Not completed,Not completed,Not completed,Not completed,Not completed,Not completed,Not completed,Not completed,Not completed,Not completed,Not completed,Not completed,Not completed
Shawn Brooks,Shawn.Brooks@gmail.com,8298919858,not responding,not reachable,"Completed Monday, 14 November 2016, 8:42 PM",Not completed,Not completed,Not completed,Not completed,Not completed,Not completed,Not completed,Not completed,Not completed,Not completed,Not completed,Not completed,Not completed,Not completed,Not completed,Not completed
Emily Campbell,Emily.Campbell@gmail.com,,,,"Completed Sunday, 20 November 2016, 10:14 PM","Completed Sunday, 20 November 2016, 10:23 PM","Completed (achieved pass grade) Sunday, 20 November 2016, 10:25 PM","Completed Sunday, 20 November 2016, 10:26 PM","Completed Sunday, 20 November 2016, 10:34 PM","Completed Sunday, 20 November 2016, 10:37 PM","Completed Sunday, 20 November 2016, 10:37 PM","Completed (achieved pass grade) Sunday, 20 November 2016, 10:46 PM","Completed Sunday, 20 November 2016, 10:50 PM","Completed (achieved pass grade) Sunday, 20 November 2016, 10:54 PM","Completed Sunday, 20 November 2016, 10:55 PM",Not completed,Not completed,Not completed,Not completed,Not completed,Not completed
Chad Riley,Chad.Riley@rajeshshethia.com,,,,"Completed Saturday, 19 November 2016, 11:01 PM","Completed Saturday, 19 November 2016, 11:09 PM","Completed (achieved pass grade) Saturday, 19 November 2016, 11:11 PM","Completed Saturday, 19 November 2016, 11:11 PM","Completed Saturday, 19 November 2016, 11:20 PM","Not completed Thursday, 1 January 1970, 5:30 AM",Not completed,Not completed,Not completed,Not completed,Not completed,Not completed,Not completed,Not completed,Not completed,Not completed,Not completed
Melissa Taylor,Melissa.Taylor@gmail.com,,,,Not completed,Not completed,Not completed,Not completed,Not completed,Not completed,Not completed,Not completed,Not completed,Not completed,Not completed,Not completed,Not completed,Not completed,Not completed,Not completed,Not completed
Benjamin Adams,Benjamin.Adams@gmail.com,8972360106,switched off,not reachable,"Completed Wednesday, 16 November 2016, 11:21 AM",Not completed,Not completed,Not completed,Not completed,Not completed,Not completed,Not completed,Not completed,Not completed,Not completed,Not completed,Not completed,Not completed,Not completed,Not completed,Not completed
Kevin Browning,Kevin.Browning@gmail.com,,,,Not completed,Not completed,Not completed,Not completed,Not completed,Not completed,Not completed,Not completed,Not completed,Not completed,Not completed,Not completed,Not completed,Not completed,Not completed,Not completed,Not completed
Michael Nielsen,Michael.Nielsen@gmail.com,9272741391,incorrect no,not reachable,"Completed Thursday, 17 November 2016, 10:04 AM","Completed Thursday, 17 November 2016, 10:05 AM",Not completed,Not completed,Not completed,Not completed,Not completed,Not completed,Not completed,Not completed,Not completed,Not completed,Not completed,Not completed,Not completed,Not completed,Not completed
Courtney Suarez,Courtney.Suarez@gmail.com,NA,NA,NA,"Completed Sunday, 20 November 2016, 7:51 PM","Completed Sunday, 20 November 2016, 7:58 PM","Completed (achieved pass grade) Sunday, 20 November 2016, 8:00 PM","Completed Sunday, 20 November 2016, 8:00 PM","Completed Sunday, 20 November 2016, 8:32 PM","Completed Sunday, 20 November 2016, 8:34 PM","Completed Sunday, 20 November 2016, 8:34 PM","Completed (achieved pass grade) Sunday, 20 November 2016, 8:44 PM","Completed Sunday, 20 November 2016, 8:44 PM","Completed (achieved pass grade) Sunday, 20 November 2016, 8:55 PM","Completed Sunday, 20 November 2016, 8:55 PM","Completed Sunday, 20 November 2016, 9:15 PM","Completed Sunday, 20 November 2016, 9:16 PM","Completed Sunday, 20 November 2016, 9:25 PM","Completed (achieved pass grade) Sunday, 20 November 2016, 10:03 PM","Completed Sunday, 20 November 2016, 10:04 PM","Completed Sunday, 20 November 2016, 10:09 PM"
Joseph Williams,Joseph.Williams@Gmail.com,NA,NA,NA,"Completed Saturday, 19 November 2016, 2:37 PM","Completed Saturday, 19 November 2016, 2:50 PM","Completed (achieved pass grade) Saturday, 19 November 2016, 2:51 PM","Completed Saturday, 19 November 2016, 2:52 PM","Completed Saturday, 19 November 2016, 3:09 PM","Completed Saturday, 19 November 2016, 3:13 PM","Completed Saturday, 19 November 2016, 3:14 PM","Completed (achieved pass grade) Saturday, 19 November 2016, 3:23 PM","Completed Saturday, 19 November 2016, 3:24 PM","Completed (achieved pass grade) Saturday, 19 November 2016, 3:30 PM","Completed Saturday, 19 November 2016, 5:41 PM","Completed Saturday, 19 November 2016, 5:59 PM","Completed Saturday, 19 November 2016, 5:59 PM","Completed Saturday, 19 November 2016, 6:05 PM","Completed (achieved pass grade) Saturday, 19 November 2016, 6:10 PM","Completed Saturday, 19 November 2016, 6:11 PM","Completed Sunday, 20 November 2016, 9:36 PM"
John Kirk,John.Kirk@gmail.com,NA,NA,NA,"Completed Tuesday, 15 November 2016, 10:47 AM","Completed Tuesday, 15 November 2016, 8:47 PM","Completed (achieved pass grade) Tuesday, 15 November 2016, 8:51 PM","Completed Tuesday, 15 November 2016, 8:51 PM","Completed Tuesday, 15 November 2016, 9:02 PM","Completed Tuesday, 15 November 2016, 9:26 PM","Completed Tuesday, 15 November 2016, 9:29 PM","Completed (achieved pass grade) Tuesday, 15 November 2016, 9:32 PM","Completed Tuesday, 15 November 2016, 9:33 PM","Completed (achieved pass grade) Tuesday, 15 November 2016, 9:44 PM","Completed Tuesday, 15 November 2016, 9:44 PM","Completed Tuesday, 15 November 2016, 9:52 PM","Completed Tuesday, 15 November 2016, 9:53 PM","Completed Tuesday, 15 November 2016, 10:00 PM","Completed (achieved pass grade) Tuesday, 15 November 2016, 10:11 PM","Completed Tuesday, 15 November 2016, 10:11 PM","Completed Friday, 18 November 2016, 10:04 PM"
Timothy Martinez,Timothy.Martinez@gmail.com,9446206783,,,"Completed Saturday, 19 November 2016, 6:02 PM","Completed Saturday, 19 November 2016, 6:15 PM","Completed (achieved pass grade) Saturday, 19 November 2016, 6:19 PM","Completed Saturday, 19 November 2016, 6:19 PM","Completed Saturday, 19 November 2016, 6:30 PM","Completed Saturday, 19 November 2016, 6:38 PM","Completed Saturday, 19 November 2016, 6:39 PM","Completed (achieved pass grade) Saturday, 19 November 2016, 6:53 PM","Completed Saturday, 19 November 2016, 6:53 PM",Not completed,Not completed,Not completed,Not completed,Not completed,Not completed,Not completed,Not completed
Deanna Patterson,Deanna.Patterson@gmail.com,9953415848,"he is not aware , will check with his son",time issue,"Completed Sunday, 20 November 2016, 9:50 AM","Completed Sunday, 20 November 2016, 11:03 AM",Not completed,Not completed,Not completed,Not completed,Not completed,Not completed,Not completed,Not completed,Not completed,Not completed,Not completed,Not completed,Not completed,Not completed,Not completed
Brittany Jacobs,Brittany.Jacobs@gmail.com,9906571066,"were busy , asked to call later",couldnt speak,Not completed,Not completed,Not completed,Not completed,Not completed,Not completed,Not completed,Not completed,Not completed,Not completed,Not completed,Not completed,Not completed,Not completed,Not completed,Not completed,Not completed
Abigail Smith,Abigail.Smith@gmail.com,8419378358,disconnected,couldnt speak,Not completed,Not completed,Not completed,Not completed,Not completed,Not completed,Not completed,Not completed,Not completed,Not completed,Not completed,Not completed,Not completed,Not completed,Not completed,Not completed,Not completed
Justin Lee,Justin.Lee@gmail.com,9064651876,"tests are going on, won't be possible for another week.",time issue,Not completed,Not completed,Not completed,Not completed,Not completed,Not completed,Not completed,Not completed,Not completed,Not completed,Not completed,Not completed,Not completed,Not completed,Not completed,Not completed,Not completed
Monica Hunter,Monica.Hunter@ourmaninindia.com,9023476825,,,Not completed,Not completed,Not completed,Not completed,Not completed,Not completed,Not completed,Not completed,Not completed,Not completed,Not completed,Not completed,Not completed,Not completed,Not completed,Not completed,Not completed
Jeffrey Greer,Jeffrey.Greer@gmail.com,8439189879,"did not find time as father out of town , will try to finish by saturday",time issue,Not completed,Not completed,Not completed,Not completed,Not completed,Not completed,Not completed,Not completed,Not completed,Not completed,Not completed,Not completed,Not completed,Not completed,Not completed,Not completed,Not completed
Tina Allison,Tina.Allison@yahoo.co.in,7735611086,not responding,not reachable,"Completed Thursday, 17 November 2016, 7:33 AM",Not completed,Not completed,Not completed,Not completed,Not completed,Not completed,Not completed,Not completed,Not completed,Not completed,Not completed,Not completed,Not completed,Not completed,Not completed,Not completed
Pedro Stevens,Pedro.Stevens@mrccsolutions.com,NA,NA,NA,Not completed,Not completed,Not completed,Not completed,Not completed,Not completed,Not completed,Not completed,Not completed,Not completed,Not completed,Not completed,Not completed,Not completed,Not completed,Not completed,Not completed
Scott Brewer,Scott.Brewer@gmail.com,8485834350,"Exams were going on , mother will ask to her son to complete first session soon",time issue,Not completed,Not completed,Not completed,Not completed,Not completed,Not completed,Not completed,Not completed,Not completed,Not completed,Not completed,Not completed,Not completed,Not completed,Not completed,Not completed,Not completed
Brandon Hanson,Brandon.Hanson@gmail.com,8351312760,"father had no idea whatsoever about Enlearning, he enrolled for many courses online for his son, will check back and revert",time issue,Not completed,Not completed,Not completed,Not completed,Not completed,Not completed,Not completed,Not completed,Not completed,Not completed,Not completed,Not completed,Not completed,Not completed,Not completed,Not completed,Not completed
